{
	"info": {
		"_postman_id": "d84e3934-6fd4-44b4-a20a-2004d751f0ca",
		"name": "ACS UAT/PROD",
		"schema": "https://schema.getpostman.com/json/collection/v2.0.0/collection.json",
		"_exporter_id": "26588845"
	},
	"item": [
		{
			"name": "https://apgx-uat.brightspeed.com/application/automateservices/v1/api/",
			"request": {
				"auth": {
					"type": "oauth2",
					"oauth2": {
						"addTokenTo": "header",
						"headerPrefix": "Bearer"
					}
				},
				"method": "POST",
				"header": [],
				"body": {
					"mode": "raw",
					"raw": "{\r\n    \"action\": \"ACS\",\r\n    \"botid\": 203,\r\n    \"sender\": \"aa07656\",\r\n    \"tn\": 1400000700,\r\n    \"method\": \"getModem\",\r\n    \"search\": \"tn\"\r\n}",
					"options": {
						"raw": {
							"language": "json"
						}
					}
				},
				"url": "https://apgx-uat.brightspeed.com/application/automateservices/v1/api/"
			},
			"response": []
		},
		{
			"name": "OAUth",
			"request": {
				"auth": {
					"type": "basic",
					"basic": {
						"password": "iTj6GiGqA4xvgFbN5wHtvWlcwFMidX7zYrL4XobyUN5AJr0YtrXHArxMD2ZjzW8q",
						"username": "ggH82fdf56GeSKrevr6SAGxG0UWB8bOAUQKVnkMprUPT1h7p"
					}
				},
				"method": "POST",
				"header": [],
				"url": {
					"raw": "https://apgx-uat.brightspeed.com/oauth/client_credential/accesstoken?grant_type=client_credentials",
					"protocol": "https",
					"host": [
						"apgx-uat",
						"brightspeed",
						"com"
					],
					"path": [
						"oauth",
						"client_credential",
						"accesstoken"
					],
					"query": [
						{
							"key": "grant_type",
							"value": "client_credentials"
						}
					]
				}
			},
			"response": []
		},
		{
			"name": "OAuth-Prod",
			"request": {
				"auth": {
					"type": "basic",
					"basic": {
						"password": "yGbnCbT8lGbAYms49zclqMb23Ti6cA0HPL0ATYQUhUsCpiiG2L2TCGzM1FLRlAbO",
						"username": "pTOKWfufMWgINhbWm4Y2XGdbhavLkUiDk9haWf7TGfuQbTgR"
					}
				},
				"method": "POST",
				"header": [],
				"url": {
					"raw": "https://apgx.brightspeed.com/oauth/client_credential/accesstoken?grant_type=client_credentials",
					"protocol": "https",
					"host": [
						"apgx",
						"brightspeed",
						"com"
					],
					"path": [
						"oauth",
						"client_credential",
						"accesstoken"
					],
					"query": [
						{
							"key": "grant_type",
							"value": "client_credentials"
						}
					]
				}
			},
			"response": []
		},
		{
			"name": "https://apgx.brightspeed.com/application/automateservices/v1/api/",
			"request": {
				"auth": {
					"type": "oauth2",
					"oauth2": {
						"addTokenTo": "header",
						"headerPrefix": "Bearer"
					}
				},
				"method": "POST",
				"header": [],
				"body": {
					"mode": "raw",
					"raw": "{\r\n    \"action\": \"ACS\",\r\n    \"botid\": \"203\",\r\n    \"sender\": \"PA1100000131\",\r\n    \"tn\": \"1400100004\",\r\n    \"method\": \"getModem\",\r\n    \"search\": \"tn\"\r\n}",
					"options": {
						"raw": {
							"language": "json"
						}
					}
				},
				"url": "https://apgx.brightspeed.com/application/automateservices/v1/api/"
			},
			"response": []
		}
	]
}