{
	"info": {
		"_postman_id": "43ace254-7fed-4116-9a34-c7ea0035d7f7",
		"name": "AMS",
		"schema": "https://schema.getpostman.com/json/collection/v2.0.0/collection.json",
		"_exporter_id": "26588845"
	},
	"item": [
		{
			"name": "Authentication - QA",
			"request": {
				"auth": {
					"type": "basic",
					"basic": {
						"password": "6hf4l9Mw1M4H0tWC",
						"username": "NXP5dlMC6eTYM0wPGq3aJBXIuFPir28o"
					}
				},
				"method": "POST",
				"header": [],
				"url": {
					"raw": "https://qa-ams-svcs.brightspeed.com/v1/authentication/token?grant_type=client_credentials",
					"protocol": "https",
					"host": [
						"qa-ams-svcs",
						"brightspeed",
						"com"
					],
					"path": [
						"v1",
						"authentication",
						"token"
					],
					"query": [
						{
							"key": "grant_type",
							"value": "client_credentials"
						}
					]
				}
			},
			"response": []
		},
		{
			"name": "Addess qulification - QA",
			"protocolProfileBehavior": {
				"disableBodyPruning": true
			},
			"request": {
				"auth": {
					"type": "bearer",
					"bearer": {
						"token": "yvy09CGAkhtZQXrzqaZe5DxAPpGr"
					}
				},
				"method": "GET",
				"header": [],
				"body": {
					"mode": "raw",
					"raw": ""
				},
				"url": {
					"raw": "https://qa.ams.brightspeed.com/ams/v1/buyflow/restservices/adq-api/v1/getQualificationAddress?fullAddress=625 Cherry St Columbia MO 65201",
					"protocol": "https",
					"host": [
						"qa",
						"ams",
						"brightspeed",
						"com"
					],
					"path": [
						"ams",
						"v1",
						"buyflow",
						"restservices",
						"adq-api",
						"v1",
						"getQualificationAddress"
					],
					"query": [
						{
							"key": "fullAddress",
							"value": "625 Cherry St Columbia MO 65201"
						}
					]
				}
			},
			"response": []
		},
		{
			"name": "Authentication - Dev",
			"request": {
				"auth": {
					"type": "basic",
					"basic": {
						"password": "Cfir5imhfpNEdTsT",
						"username": "8yn5qUQyuqv98oqA5K1hgzHmttjiCGRg"
					}
				},
				"method": "POST",
				"header": [],
				"url": {
					"raw": "https://api-dev.brightspeed.com/v1/authentication/token?grant_type=client_credentials",
					"protocol": "https",
					"host": [
						"api-dev",
						"brightspeed",
						"com"
					],
					"path": [
						"v1",
						"authentication",
						"token"
					],
					"query": [
						{
							"key": "grant_type",
							"value": "client_credentials"
						}
					]
				}
			},
			"response": []
		},
		{
			"name": "Address qualification - Dev",
			"protocolProfileBehavior": {
				"disableBodyPruning": true
			},
			"request": {
				"auth": {
					"type": "bearer",
					"bearer": {
						"token": "AzAIGkiqlCD2B3Au4DMRKFbHNASV"
					}
				},
				"method": "GET",
				"header": [],
				"body": {
					"mode": "raw",
					"raw": "",
					"options": {
						"raw": {
							"language": "json"
						}
					}
				},
				"url": {
					"raw": "https://api-dev.brightspeed.com/ams/v1/buyflow/restservices/adq-api/v1/getQualificationAddress?fullAddress=1112 FRANKLIN AVE LEXINGTON, MO, 64067",
					"protocol": "https",
					"host": [
						"api-dev",
						"brightspeed",
						"com"
					],
					"path": [
						"ams",
						"v1",
						"buyflow",
						"restservices",
						"adq-api",
						"v1",
						"getQualificationAddress"
					],
					"query": [
						{
							"key": "fullAddress",
							"value": "1112 FRANKLIN AVE LEXINGTON, MO, 64067"
						}
					]
				}
			},
			"response": []
		},
		{
			"name": "https://dev.ams.brightspeed.com/ams/v1/buyflow/restservices/adq-api/v1/addressavalaibility?fulladdress=625 Cherry st COlumbia, MO, 65201",
			"request": {
				"auth": {
					"type": "oauth2",
					"oauth2": {
						"addTokenTo": "header",
						"headerPrefix": "Bearer"
					}
				},
				"method": "GET",
				"header": [],
				"url": {
					"raw": "https://api-dev.brightspeed.com/ams/v1/buyflow/restservices/adq-api/v1/addressavalaibility?fulladdress=1069 DRIFTWOOD DR MANTEO NC",
					"protocol": "https",
					"host": [
						"api-dev",
						"brightspeed",
						"com"
					],
					"path": [
						"ams",
						"v1",
						"buyflow",
						"restservices",
						"adq-api",
						"v1",
						"addressavalaibility"
					],
					"query": [
						{
							"key": "fulladdress",
							"value": "1069 DRIFTWOOD DR MANTEO NC"
						}
					]
				}
			},
			"response": []
		},
		{
			"name": "https://qa.ams.brightspeed.com/ams/v1/buyflow/restservices/adq-api/v1/addressavalaibility?fulladdress=625 Cherry st COlumbia, MO, 65201 Copy",
			"request": {
				"auth": {
					"type": "oauth2",
					"oauth2": {
						"addTokenTo": "header",
						"headerPrefix": "Bearer"
					}
				},
				"method": "GET",
				"header": [],
				"url": {
					"raw": "https://qa-ams-svcs.brightspeed.com/ams/v1/buyflow/restservices/adq-api/v1/addressavalaibility?fulladdress=1000 E LINGLEVILLE RD APT 6111 STEPHENVILLE, TX, 76401",
					"protocol": "https",
					"host": [
						"qa-ams-svcs",
						"brightspeed",
						"com"
					],
					"path": [
						"ams",
						"v1",
						"buyflow",
						"restservices",
						"adq-api",
						"v1",
						"addressavalaibility"
					],
					"query": [
						{
							"key": "fulladdress",
							"value": "1000 E LINGLEVILLE RD APT 6111 STEPHENVILLE, TX, 76401"
						}
					]
				}
			},
			"response": []
		},
		{
			"name": "prod",
			"protocolProfileBehavior": {
				"disableBodyPruning": true
			},
			"request": {
				"auth": {
					"type": "oauth2",
					"oauth2": {
						"clientSecret": "Dq80IzGkPBRX4QFB",
						"clientId": "xaqrETFeDAt1KP4iyMlR5cSG7ZZtqy3e",
						"accessTokenUrl": "https://prod-ams-svcs.brightspeed.com/v1/authentication/token?grant_type=client_credentials",
						"refreshRequestParams": [],
						"tokenRequestParams": [],
						"authRequestParams": [],
						"challengeAlgorithm": "S256",
						"grant_type": "client_credentials",
						"addTokenTo": "header",
						"client_authentication": "header",
						"headerPrefix": "Bearer"
					}
				},
				"method": "GET",
				"header": [],
				"body": {
					"mode": "raw",
					"raw": "",
					"options": {
						"raw": {
							"language": "json"
						}
					}
				},
				"url": {
					"raw": "https://prod-ams-svcs.brightspeed.com/ams/v1/buyflow/restservices/adq-api/v1/addressavalaibility?fulladdress=20323 SCOOTER DR UNIT 7 WAYNESVILLE, MO, 65583",
					"protocol": "https",
					"host": [
						"prod-ams-svcs",
						"brightspeed",
						"com"
					],
					"path": [
						"ams",
						"v1",
						"buyflow",
						"restservices",
						"adq-api",
						"v1",
						"addressavalaibility"
					],
					"query": [
						{
							"key": "fulladdress",
							"value": "20323 SCOOTER DR UNIT 7 WAYNESVILLE, MO, 65583"
						}
					]
				}
			},
			"response": []
		},
		{
			"name": "prod-oAuth",
			"request": {
				"auth": {
					"type": "basic",
					"basic": {
						"password": "Dq80IzGkPBRX4QFB",
						"username": "xaqrETFeDAt1KP4iyMlR5cSG7ZZtqy3e"
					}
				},
				"method": "POST",
				"header": [],
				"url": {
					"raw": "https://prod-ams-svcs.brightspeed.com/v1/authentication/token?grant_type=client_credentials",
					"protocol": "https",
					"host": [
						"prod-ams-svcs",
						"brightspeed",
						"com"
					],
					"path": [
						"v1",
						"authentication",
						"token"
					],
					"query": [
						{
							"key": "grant_type",
							"value": "client_credentials"
						}
					]
				}
			},
			"response": []
		}
	]
}