{
	"info": {
		"_postman_id": "7c0ac725-c7c4-4cb6-ab2e-db96eee53fe2",
		"name": "BOSS_CUSTOMER360 Copy",
		"schema": "https://schema.getpostman.com/json/collection/v2.0.0/collection.json",
		"_exporter_id": "26588845"
	},
	"item": [
		{
			"name": "DEV",
			"item": [
				{
					"name": "GraphQL",
					"request": {
						"auth": {
							"type": "bearer",
							"bearer": {
								"token": "An1nndgCUM8sdoc0AsxL1TsZoBel"
							}
						},
						"method": "POST",
						"header": [],
						"body": {
							"mode": "graphql",
							"graphql": {
								"query": "query{\r\n    Customer360(query:{addressId: \"20221012100032678597\"}) {\r\n        collections{\r\n            customer \r\n            networkAssignment\r\n            order\r\n        }\r\n    } \r\n}",
								"variables": ""
							}
						},
						"url": "https://api-dev.brightspeed.com/c360/v1/graphql"
					},
					"response": []
				},
				{
					"name": "GraphQL Copy",
					"request": {
						"auth": {
							"type": "bearer",
							"bearer": {
								"token": "An1nndgCUM8sdoc0AsxL1TsZoBel"
							}
						},
						"method": "POST",
						"header": [],
						"body": {
							"mode": "graphql",
							"graphql": {
								"query": "query{\r\n    Customer360(query:{addressId: \"20221012100032678597\"}) {\r\n        collections{\r\n            customer \r\n            networkAssignment\r\n            order\r\n        }\r\n    } \r\n}",
								"variables": ""
							}
						},
						"url": "https://api-dev.brightspeed.com/c360/v1/graphql"
					},
					"response": []
				},
				{
					"name": "C360-Load-Prospect",
					"request": {
						"method": "GET",
						"header": [],
						"url": "https://api-dev.brightspeed.com/c360/load/prospect"
					},
					"response": []
				},
				{
					"name": "Load O2_LR to C360 from SN",
					"request": {
						"auth": {
							"type": "oauth2",
							"oauth2": {
								"addTokenTo": "header",
								"headerPrefix": "Bearer"
							}
						},
						"method": "POST",
						"header": [],
						"body": {
							"mode": "raw",
							"raw": "{\r\n    \"dtn\": \"1400000696\",\r\n    \"addressId\": \"20221012100032678597\",\r\n    \"billingAccountNumber\": \"200021829\"\r\n}",
							"options": {
								"raw": {
									"language": "json"
								}
							}
						},
						"url": "https://api-dev.brightspeed.com/lrgen/o2/networkelements"
					},
					"response": []
				}
			]
		},
		{
			"name": "UAT",
			"item": [
				{
					"name": "GraphQL",
					"request": {
						"auth": {
							"type": "bearer",
							"bearer": {
								"token": "KAxX7KPOGVKbAGR9ZWNOrfOAX32p"
							}
						},
						"method": "POST",
						"header": [],
						"body": {
							"mode": "graphql",
							"graphql": {
								"query": "query{\r\n    networkAssignment(query:{\"addressId\":\"200013826\"}) {  \r\n    } \r\n\r\n}",
								"variables": ""
							}
						},
						"url": "https://api-uat.brightspeed.com/c360/v1/graphql"
					},
					"response": []
				},
				{
					"name": "GraphQL Copy",
					"request": {
						"auth": {
							"type": "bearer",
							"bearer": {
								"token": "KAxX7KPOGVKbAGR9ZWNOrfOAX32p"
							}
						},
						"method": "POST",
						"header": [],
						"body": {
							"mode": "graphql",
							"graphql": {
								"query": "query{\r\n    networkAssignment(query:{\"addressId\":\"200013826\"}) {  \r\n    } \r\n\r\n}",
								"variables": ""
							}
						},
						"url": "https://api-uat.brightspeed.com/c360/v1/graphql"
					},
					"response": []
				},
				{
					"name": "C360-LRGEN-o2/networkelements",
					"request": {
						"auth": {
							"type": "bearer",
							"bearer": {
								"token": "KPd5vrJ8lPdLuZ21YonjJDKY1aHV"
							}
						},
						"method": "POST",
						"header": [],
						"body": {
							"mode": "raw",
							"raw": "{\r\n    \"dtn\":\"1100012475\",\r\n    \"addressId\":\"102927954002570\",\r\n    \"billingAccountNumber\":\"200004857\"\r\n}",
							"options": {
								"raw": {
									"language": "json"
								}
							}
						},
						"url": "https://api-uat.brightspeed.com/lrgen/o2/networkelements"
					},
					"response": []
				},
				{
					"name": "C360-Load-Prospect",
					"request": {
						"method": "GET",
						"header": [],
						"url": "https://api-uat.brightspeed.com/c360/load/prospect"
					},
					"response": []
				}
			]
		},
		{
			"name": "PROD",
			"item": [
				{
					"name": "GraphQL",
					"request": {
						"auth": {
							"type": "bearer",
							"bearer": {
								"token": "Zq1hKobRpt5YTJGVOmbAdyDtJ04I"
							}
						},
						"method": "POST",
						"header": [],
						"body": {
							"mode": "graphql",
							"graphql": {
								"query": "query{Customer360(query:{addressId:\"102927981006196\"}){ \r\n    collections{\r\n        customer {\r\n            billingAccountNumber\r\n            customerSince\r\n            contactNumber\r\n        }\r\n        product {\r\n            serviceType\r\n            serviceState\r\n            serviceModel\r\n            serviceNumber\r\n            serviceName\r\n            serviceId\r\n        } } }}",
								"variables": ""
							}
						},
						"url": "https://api.brightspeed.com/c360/v1/graphql"
					},
					"response": []
				},
				{
					"name": "GraphQL Copy",
					"request": {
						"auth": {
							"type": "bearer",
							"bearer": {
								"token": "Zq1hKobRpt5YTJGVOmbAdyDtJ04I"
							}
						},
						"method": "POST",
						"header": [],
						"body": {
							"mode": "graphql",
							"graphql": {
								"query": "query{Customer360(query:{addressId:\"102927981006196\"}){ \r\n    collections{\r\n        customer {\r\n            billingAccountNumber\r\n            customerSince\r\n            contactNumber\r\n        }\r\n        product {\r\n            serviceType\r\n            serviceState\r\n            serviceModel\r\n            serviceNumber\r\n            serviceName\r\n            serviceId\r\n        } } }}",
								"variables": ""
							}
						},
						"url": "https://api.brightspeed.com/c360/v1/graphql"
					},
					"response": []
				},
				{
					"name": "APIGEE - PROD OAuth Token",
					"request": {
						"auth": {
							"type": "basic",
							"basic": {
								"password": "NmSuVn3vJbNGlxLl",
								"username": "XqxNNTXxfvbgUzo7QL8QVwCkk3c8E9WE"
							}
						},
						"method": "GET",
						"header": [],
						"url": {
							"raw": "https://api.brightspeed.com/boss/oauth?grant_type=client_credentials",
							"protocol": "https",
							"host": [
								"api",
								"brightspeed",
								"com"
							],
							"path": [
								"boss",
								"oauth"
							],
							"query": [
								{
									"key": "grant_type",
									"value": "client_credentials"
								}
							]
						}
					},
					"response": []
				},
				{
					"name": "APIGEE - PROD LR OAuth Token",
					"request": {
						"auth": {
							"type": "basic",
							"basic": {
								"password": "vZqrC01MoXw5AH5Z",
								"username": "erGxJGUsQoWYw0yWHqsWou41QUoBuSRx"
							}
						},
						"method": "GET",
						"header": [],
						"url": {
							"raw": "https://api.brightspeed.com/boss/oauth?grant_type=client_credentials",
							"protocol": "https",
							"host": [
								"api",
								"brightspeed",
								"com"
							],
							"path": [
								"boss",
								"oauth"
							],
							"query": [
								{
									"key": "grant_type",
									"value": "client_credentials"
								}
							]
						}
					},
					"response": []
				},
				{
					"name": "C360-Load-Prospect",
					"request": {
						"method": "GET",
						"header": [],
						"url": "https://api.brightspeed.com/c360/load/prospect"
					},
					"response": []
				},
				{
					"name": "O2-LR",
					"request": {
						"auth": {
							"type": "oauth2",
							"oauth2": {
								"addTokenTo": "header",
								"headerPrefix": "Bearer"
							}
						},
						"method": "POST",
						"header": [],
						"body": {
							"mode": "raw",
							"raw": "{\r\n    \"dtn\": \"1400100004\",\r\n    \"addressId\": \"133517015477907\",\r\n    \"billingAccountNumber\": \"200026756\"\r\n}",
							"options": {
								"raw": {
									"language": "json"
								}
							}
						},
						"url": "https://api.brightspeed.com/lrgen/o2/networkelements"
					},
					"response": []
				}
			]
		},
		{
			"name": "APIGEE - DEV /UAT OAuth Token",
			"request": {
				"auth": {
					"type": "basic",
					"basic": {
						"password": "2yqhKAhGZuGeIvzA",
						"username": "San4moGH5GBhnfTtOVB8PHp0ti6YzY4D"
					}
				},
				"method": "GET",
				"header": [],
				"url": {
					"raw": "https://api-dev.brightspeed.com/boss/oauth?grant_type=client_credentials",
					"protocol": "https",
					"host": [
						"api-dev",
						"brightspeed",
						"com"
					],
					"path": [
						"boss",
						"oauth"
					],
					"query": [
						{
							"key": "grant_type",
							"value": "client_credentials"
						}
					]
				}
			},
			"response": []
		},
		{
			"name": "kafka-prod-topics_PROD_BOSS_CUSTOMER360",
			"protocolProfileBehavior": {
				"disabledSystemHeaders": {
					"content-type": true
				}
			},
			"request": {
				"auth": {
					"type": "basic",
					"basic": {
						"password": "connect2Kafka",
						"username": "confluent-rest-proxy"
					}
				},
				"method": "POST",
				"header": [
					{
						"key": "Content-Type",
						"value": "application/vnd.kafka.json.v2+json",
						"type": "text"
					}
				],
				"body": {
					"mode": "raw",
					"raw": "{\r\n    \"records\": [\r\n        {\r\n            \"key\": \"10\",\r\n            \"value\": {\r\n                \"appKey\": \"C360UserSignup\",\r\n                \"action\": \"RemoveDocument\",\r\n                \"indexAttributes\": [\r\n                    {\r\n                        \"name\": \"phone\",\r\n                        \"value\": \"9876543210\"\r\n                    }\r\n                ],\r\n                \"documents\": {\r\n                    \"communicationPreferences\": {\r\n                        \"email\": \"mani@brightspeed.com\"\r\n                    }\r\n                }\r\n            }\r\n        }\r\n    ]\r\n}",
					"options": {
						"raw": {
							"language": "json"
						}
					}
				},
				"url": "https://proxy-kafka.brightspeed.com/topics/PROD_BOSS_CUSTOMER360"
			},
			"response": []
		},
		{
			"name": "kafka-uat-topics_UAT_BOSS_CUSTOMER360",
			"protocolProfileBehavior": {
				"disabledSystemHeaders": {
					"content-type": true
				}
			},
			"request": {
				"auth": {
					"type": "basic",
					"basic": {
						"password": "connect2Kafka",
						"username": "confluent-rest-proxy"
					}
				},
				"method": "POST",
				"header": [
					{
						"key": "Content-Type",
						"value": "application/vnd.kafka.json.v2+json",
						"type": "text"
					}
				],
				"body": {
					"mode": "raw",
					"raw": "{\r\n    \"records\": [\r\n        {\r\n            \"key\": \"10\",\r\n            \"value\": {\r\n                \"appKey\": \"Customer360\",\r\n                \"indexAttributes\": [\r\n                    {\r\n                        \"name\": \"billingAccountNumber\",\r\n                        \"value\": \"A00002223\"\r\n                    }\r\n                ],\r\n                \"documents\": {\r\n                    \"customer\": {\r\n                        \"accountType\": \"Permanent\",\r\n                        \"firstName\": \"Revanth\",\r\n                        \"lastName\": \"chand01\",\r\n                        \"email\": \"revanth.tesN3@brightspeed.com\",\r\n                        \"contactNumber\": \"6508976650\",\r\n                        \"addresses\": [\r\n                            {\r\n                                \"addressType\": \"BillingAddress\",\r\n                                \"addressName\": \"612 Croatan Ave, Manteo, NC 27954, USA\",\r\n                                \"street\": \"612 Croatan Ave\",\r\n                                \"city\": \"Manteo\",\r\n                                \"state\": \"NC\",\r\n                                \"stateCode\": \" \",\r\n                                \"zip\": \"27954\"\r\n                            },\r\n                            {\r\n                                \"addressType\": \"ServiceAddress\",\r\n                                \"addressName\": \"105 John Borden St,Manteo, NC, 27954\",\r\n                                \"street\": \"105 John Borden St\",\r\n                                \"city\": \"Manteo\",\r\n                                \"state\": \"NC\",\r\n                                \"stateCode\": \" \",\r\n                                \"zip\": \"27954\",\r\n                                \"addressId\": {\r\n                                    \"$numberLong\": \"102927954000289\"\r\n                                }\r\n                            }\r\n                        ],\r\n                        \"billingAccountNumber\": \"A00002223\",\r\n                        \"communicationPreference\": \"Email\",\r\n                        \"customerSince\": \"2022-10-03 10:22:50\",\r\n                        \"currentStatus\": \"Inactive\",\r\n                        \"userName\": \"revanth.tesN3@brightspeed.com\"\r\n                    },\r\n                    \"order\": {\r\n                        \"orderNumber\": \"DV2100000023\",\r\n                        \"orderType\": \"disconnect\",\r\n                        \"serviceType\": \"VoIP\",\r\n                        \"dueDate\": \"2022-10-03\",\r\n                        \"orderStatus\": \"In Progress\",\r\n                        \"completionDate\": \"\",\r\n                        \"apptDetails\": {\r\n                            \"arn\": \"T1234\",\r\n                            \"appointmentDate\": \"2022-10-03\",\r\n                            \"appointmentStartTime\": \"2022-10-03 15:00:00\",\r\n                            \"appointmentEndTime\": \"2022-10-03 17:00:00\"\r\n                        }\r\n                    },\r\n                    \"product\": [\r\n                        {\r\n                            \"serviceId\": \"IN00000100023\",\r\n                            \"serviceModel\": \"Internet PRD00001007\",\r\n                            \"serviceName\": \"Internet Service 500M\",\r\n                            \"serviceType\": \"Internet\",\r\n                            \"serviceNumber\": \"PI00000101257\",\r\n                            \"serviceState\": \"Inactivation Pending\",\r\n                            \"serviceLevel\": \"500M\"\r\n                        },\r\n                        {\r\n                            \"serviceId\": \"TI00000100034\",\r\n                            \"serviceModel\": \"techInstall PRD00001009\",\r\n                            \"serviceName\": \"Tech-Installation\",\r\n                            \"serviceType\": \"techInstall\",\r\n                            \"serviceNumber\": \"PI00000101256\",\r\n                            \"serviceState\": \"Inactive\",\r\n                            \"serviceLevel\": \"Y\"\r\n                        },\r\n                        {\r\n                            \"serviceId\": \"VP00000100045\",\r\n                            \"serviceModel\": \" \",\r\n                            \"serviceName\": \"VoIP Offering Advanced\",\r\n                            \"serviceType\": \"VoIP\",\r\n                            \"serviceNumber\": \"PI00000101230\",\r\n                            \"serviceState\": \"Installation Pending\",\r\n                            \"serviceLevel\": \"12522161134\"\r\n                        }\r\n                    ]\r\n                }\r\n            }\r\n        }\r\n    ]\r\n}",
					"options": {
						"raw": {
							"language": "json"
						}
					}
				},
				"url": "https://proxy-kafka-uat.brightspeed.com/topics/UAT_BOSS_CUSTOMER360"
			},
			"response": []
		},
		{
			"name": "kafka-dev-topics_DEV_BOSS_CUSTOMER360",
			"protocolProfileBehavior": {
				"disabledSystemHeaders": {
					"content-type": true
				}
			},
			"request": {
				"auth": {
					"type": "basic",
					"basic": {
						"password": "connect2Kafka",
						"username": "confluent-rest-proxy"
					}
				},
				"method": "POST",
				"header": [
					{
						"key": "Content-Type",
						"value": "application/vnd.kafka.json.v2+json",
						"type": "text"
					}
				],
				"body": {
					"mode": "raw",
					"raw": "{\r\n    \"records\": [\r\n        {\r\n            \"key\": \"10\",\r\n            \"value\": {\r\n                \"appKey\": \"Customer360\",\r\n                \"indexAttributes\": [\r\n                    {\r\n                        \"name\": \"billingAccountNumber\",\r\n                        \"value\": \"A00002223\"\r\n                    }\r\n                ],\r\n                \"documents\": {\r\n                    \"customer\": {\r\n                        \"accountType\": \"Permanent\",\r\n                        \"firstName\": \"Revanth\",\r\n                        \"lastName\": \"chand01\",\r\n                        \"email\": \"revanth.tesN3@brightspeed.com\",\r\n                        \"contactNumber\": \"6508976650\",\r\n                        \"addresses\": [\r\n                            {\r\n                                \"addressType\": \"BillingAddress\",\r\n                                \"addressName\": \"612 Croatan Ave, Manteo, NC 27954, USA\",\r\n                                \"street\": \"612 Croatan Ave\",\r\n                                \"city\": \"Manteo\",\r\n                                \"state\": \"NC\",\r\n                                \"stateCode\": \" \",\r\n                                \"zip\": \"27954\"\r\n                            },\r\n                            {\r\n                                \"addressType\": \"ServiceAddress\",\r\n                                \"addressName\": \"105 John Borden St,Manteo, NC, 27954\",\r\n                                \"street\": \"105 John Borden St\",\r\n                                \"city\": \"Manteo\",\r\n                                \"state\": \"NC\",\r\n                                \"stateCode\": \" \",\r\n                                \"zip\": \"27954\",\r\n                                \"addressId\": {\r\n                                    \"$numberLong\": \"102927954000289\"\r\n                                }\r\n                            }\r\n                        ],\r\n                        \"billingAccountNumber\": \"A00002223\",\r\n                        \"communicationPreference\": \"Email\",\r\n                        \"customerSince\": \"2022-10-03 10:22:50\",\r\n                        \"currentStatus\": \"Inactive\",\r\n                        \"userName\": \"revanth.tesN3@brightspeed.com\"\r\n                    },\r\n                    \"order\": {\r\n                        \"orderNumber\": \"DV2100000023\",\r\n                        \"orderType\": \"disconnect\",\r\n                        \"serviceType\": \"VoIP\",\r\n                        \"dueDate\": \"2022-10-03\",\r\n                        \"orderStatus\": \"In Progress\",\r\n                        \"completionDate\": \"\",\r\n                        \"apptDetails\": {\r\n                            \"arn\": \"T1234\",\r\n                            \"appointmentDate\": \"2022-10-03\",\r\n                            \"appointmentStartTime\": \"2022-10-03 15:00:00\",\r\n                            \"appointmentEndTime\": \"2022-10-03 17:00:00\"\r\n                        }\r\n                    },\r\n                    \"product\": [\r\n                        {\r\n                            \"serviceId\": \"IN00000100023\",\r\n                            \"serviceModel\": \"Internet PRD00001007\",\r\n                            \"serviceName\": \"Internet Service 500M\",\r\n                            \"serviceType\": \"Internet\",\r\n                            \"serviceNumber\": \"PI00000101257\",\r\n                            \"serviceState\": \"Inactivation Pending\",\r\n                            \"serviceLevel\": \"500M\"\r\n                        },\r\n                        {\r\n                            \"serviceId\": \"TI00000100034\",\r\n                            \"serviceModel\": \"techInstall PRD00001009\",\r\n                            \"serviceName\": \"Tech-Installation\",\r\n                            \"serviceType\": \"techInstall\",\r\n                            \"serviceNumber\": \"PI00000101256\",\r\n                            \"serviceState\": \"Inactive\",\r\n                            \"serviceLevel\": \"Y\"\r\n                        },\r\n                        {\r\n                            \"serviceId\": \"VP00000100045\",\r\n                            \"serviceModel\": \" \",\r\n                            \"serviceName\": \"VoIP Offering Advanced\",\r\n                            \"serviceType\": \"VoIP\",\r\n                            \"serviceNumber\": \"PI00000101230\",\r\n                            \"serviceState\": \"Installation Pending\",\r\n                            \"serviceLevel\": \"12522161134\"\r\n                        }\r\n                    ]\r\n                }\r\n            }\r\n        }\r\n    ]\r\n}",
					"options": {
						"raw": {
							"language": "json"
						}
					}
				},
				"url": "https://proxy-kafka-uat.brightspeed.com/topics/UAT_BOSS_CUSTOMER360"
			},
			"response": []
		},
		{
			"name": "kafka-dev-topics_DEV_BOSS_CUSTOMER360 Copy",
			"protocolProfileBehavior": {
				"disabledSystemHeaders": {
					"content-type": true
				}
			},
			"request": {
				"auth": {
					"type": "basic",
					"basic": {
						"password": "connect2Kafka",
						"username": "confluent-rest-proxy"
					}
				},
				"method": "POST",
				"header": [
					{
						"key": "Content-Type",
						"value": "application/vnd.kafka.json.v2+json",
						"type": "text"
					}
				],
				"body": {
					"mode": "raw",
					"raw": "{\r\n    \"records\": [\r\n        {\r\n            \"key\": \"10\",\r\n            \"value\": {\r\n                \"documents\": {\r\n                    \"networkAssignment\": {\r\n                        \"addressId\": \"4757892999493\",\r\n                        \"customerData\": {\r\n                            \"properties\": {\r\n                                \"dropLength\": \"250\",\r\n                                \"dropType\": \"Buried\",\r\n                                \"dropStatus\": \"PLACED\",\r\n                                \"networkType\": \"GPON\",\r\n                                \"testStatus\": \"OK\"\r\n                            }\r\n                        }\r\n                    },\r\n                    \"customer\": {\r\n                        \"billingAccountNumber\": \"200019054\"\r\n                    }\r\n                },\r\n                \"appKey\": \"Customer360\",\r\n                \"indexAttributes\": [\r\n                    {\r\n                        \"name\": \"billingAccountNumber\",\r\n                        \"value\": \"200019054\"\r\n                    }\r\n                ]\r\n            }\r\n        }\r\n    ]\r\n}",
					"options": {
						"raw": {
							"language": "json"
						}
					}
				},
				"url": "https://proxy-kafka-sbox.brightspeed.com/topics/DEV_BOSS_CUSTOMER360"
			},
			"response": []
		}
	]
}