{
	"info": {
		"_postman_id": "cf6c712f-93bd-4b9a-a92f-b7d33375308c",
		"name": "DIBY SN API",
		"schema": "https://schema.getpostman.com/json/collection/v2.0.0/collection.json",
		"_exporter_id": "26588845"
	},
	"item": [
		{
			"name": "https://brightspeedtsmnonprod1.service-now.com/api/sn_ind_tmt_orm/qf_retrieve_address_for_dtn/getAddress?dtn=1400000556&ipAddress=1.1.1.1",
			"request": {
				"auth": {
					"type": "basic",
					"basic": {
						"password": "Day1+Day2",
						"username": "Day1_to_Day2_Team"
					}
				},
				"method": "GET",
				"header": [],
				"url": {
					"raw": "https://brightspeedtsmnonprod1.service-now.com/api/sn_ind_tmt_orm/qf_retrieve_address_for_dtn/getAddress?dtn=1400000700&ipAddress=1.1.1.1",
					"protocol": "https",
					"host": [
						"brightspeedtsmnonprod1",
						"service-now",
						"com"
					],
					"path": [
						"api",
						"sn_ind_tmt_orm",
						"qf_retrieve_address_for_dtn",
						"getAddress"
					],
					"query": [
						{
							"key": "dtn",
							"value": "1400000700"
						},
						{
							"key": "ipAddress",
							"value": "1.1.1.1"
						}
					]
				}
			},
			"response": []
		},
		{
			"name": "https://brightspeedtsmnonprod1.service-now.com/api/sn_ind_tmt_orm/qf_retrieve_address_for_dtn/getAddress?dtn=1400000556&ipAddress=1.1.1.1 Copy",
			"request": {
				"auth": {
					"type": "basic",
					"basic": {
						"password": "Ordint@123",
						"username": "order.integrator"
					}
				},
				"method": "GET",
				"header": [],
				"url": {
					"raw": "https://brightspeedtsm.service-now.com/api/sn_ind_tmt_orm/qf_retrieve_address_for_dtn/getAddress?dtn=1400000700&ipAddress=1.1.1.1",
					"protocol": "https",
					"host": [
						"brightspeedtsm",
						"service-now",
						"com"
					],
					"path": [
						"api",
						"sn_ind_tmt_orm",
						"qf_retrieve_address_for_dtn",
						"getAddress"
					],
					"query": [
						{
							"key": "dtn",
							"value": "1400000700"
						},
						{
							"key": "ipAddress",
							"value": "1.1.1.1"
						}
					]
				}
			},
			"response": []
		},
		{
			"name": "Get SN Address by IP UAT",
			"request": {
				"auth": {
					"type": "oauth2",
					"oauth2": {
						"headerPrefix": "",
						"addTokenTo": "header"
					}
				},
				"method": "POST",
				"header": [
					{
						"key": "Content-Type",
						"value": "application/json"
					},
					{
						"key": "Cookie",
						"value": "BIGipServerpool_brightspeedtsmnonprod1=ee0084100537c96c9741fe3e44b98258; JSESSIONID=37B9D35A1D82F19555DE41A1696E4402; glide_user_activity=U0N2M18xOlY3d2ZtN2tGTTVNdUVxTXpraEl4ak5DWEJaa1dTMTM3RVgwNVJRdjZsa009Ok5RZzlzMEJJMzhKM3Y1VDhzRXF0UGd2SW8yTFBsZnJkd1NJNEt5MWFkbmM9; glide_user_route=glide.a3e880935a640f8b957b4101b45aeaab"
					}
				],
				"body": {
					"mode": "raw",
					"raw": "{\n    \"gateway-ip\": \"67.6.215.157\"\n    //71.210.76.32\n    //71.217.80.63\n    //1400000034\n}"
				},
				"url": "https://api-uat.brightspeed.com/v1/customer-address-by-ip"
			},
			"response": []
		},
		{
			"name": "Get SN Address by IP DEV",
			"request": {
				"auth": {
					"type": "oauth2",
					"oauth2": {
						"headerPrefix": "",
						"addTokenTo": "header"
					}
				},
				"method": "POST",
				"header": [
					{
						"key": "Content-Type",
						"value": "application/json"
					},
					{
						"key": "Cookie",
						"value": "BIGipServerpool_brightspeedtsmnonprod1=ee0084100537c96c9741fe3e44b98258; JSESSIONID=37B9D35A1D82F19555DE41A1696E4402; glide_user_activity=U0N2M18xOlY3d2ZtN2tGTTVNdUVxTXpraEl4ak5DWEJaa1dTMTM3RVgwNVJRdjZsa009Ok5RZzlzMEJJMzhKM3Y1VDhzRXF0UGd2SW8yTFBsZnJkd1NJNEt5MWFkbmM9; glide_user_route=glide.a3e880935a640f8b957b4101b45aeaab"
					}
				],
				"body": {
					"mode": "raw",
					"raw": "{\n    \"gateway-ip\": \"67.6.215.157\"\n    //71.210.76.32\n    //71.217.80.63\n    //1400000034\n}"
				},
				"url": "https://api-dev.brightspeed.com/v1/customer-address-by-ip"
			},
			"response": []
		},
		{
			"name": "OAuth - Get Access Token",
			"request": {
				"auth": {
					"type": "basic",
					"basic": {
						"password": "8N4x1ussAmDALHoC",
						"username": "6Yw2WP18QL9Yeu6rxGd3vdJcUAid6IpV"
					}
				},
				"method": "GET",
				"header": [],
				"url": "https://api-uat.brightspeed.com/oauth/token"
			},
			"response": []
		},
		{
			"name": "OAuth - Get Access Token PROD",
			"request": {
				"auth": {
					"type": "basic",
					"basic": {
						"password": "AFOzgY4SvgtDjIo0",
						"username": "uFAMPXyphbNXmQcAbYC1PYgPbpw0Y4JU"
					}
				},
				"method": "GET",
				"header": [],
				"url": {
					"raw": "https://api.brightspeed.com/oauth?grant_type=client_credentials",
					"protocol": "https",
					"host": [
						"api",
						"brightspeed",
						"com"
					],
					"path": [
						"oauth"
					],
					"query": [
						{
							"key": "grant_type",
							"value": "client_credentials"
						}
					]
				}
			},
			"response": []
		},
		{
			"name": "Get SID by BAN",
			"request": {
				"auth": {
					"type": "basic",
					"basic": {
						"password": "Day1+Day2",
						"username": "Day1_to_Day2_Team"
					}
				},
				"method": "GET",
				"header": [
					{
						"key": "Accept",
						"value": "application/json"
					},
					{
						"key": "Authorization",
						"value": "Basic RGF5MV90b19EYXkyX1RlYW06RGF5MStEYXky"
					},
					{
						"key": "Cookie",
						"value": "BIGipServerpool_brightspeedtsmnonprod1=ee0084100537c96c9741fe3e44b98258; JSESSIONID=B003E1EC01AA9E2BFC33BA545B4A1443; glide_session_store=9C686A2E87A7A9547C178A8ACEBB355F; glide_user_route=glide.a3e880935a640f8b957b4101b45aeaab"
					}
				],
				"url": {
					"raw": "https://brightspeedtsmnonprod1.service-now.com/api/sn_ind_tmt_orm/get_sid_from_ban/getSID?billingAccNumber=200035574",
					"protocol": "https",
					"host": [
						"brightspeedtsmnonprod1",
						"service-now",
						"com"
					],
					"path": [
						"api",
						"sn_ind_tmt_orm",
						"get_sid_from_ban",
						"getSID"
					],
					"query": [
						{
							"key": "billingAccNumber",
							"value": "200035574"
						}
					]
				}
			},
			"response": []
		},
		{
			"name": "QA",
			"request": {
				"auth": {
					"type": "basic",
					"basic": {
						"password": "admin",
						"username": "admin"
					}
				},
				"method": "GET",
				"header": [],
				"url": {
					"raw": "https://brightspeedtsmqa.service-now.com/api/sn_ind_tmt_orm/qf_retrieve_address_for_dtn/getAddress?dtn=1400004662&ipAddress=1.1.1.1",
					"protocol": "https",
					"host": [
						"brightspeedtsmqa",
						"service-now",
						"com"
					],
					"path": [
						"api",
						"sn_ind_tmt_orm",
						"qf_retrieve_address_for_dtn",
						"getAddress"
					],
					"query": [
						{
							"key": "dtn",
							"value": "1400004662"
						},
						{
							"key": "ipAddress",
							"value": "1.1.1.1"
						}
					]
				}
			},
			"response": []
		},
		{
			"name": "prod - AddrByIP",
			"request": {
				"auth": {
					"type": "oauth2",
					"oauth2": {
						"headerPrefix": "Bearer",
						"addTokenTo": "header"
					}
				},
				"method": "POST",
				"header": [],
				"body": {
					"mode": "raw",
					"raw": "{\r\n    \"gateway-ip\": \"71.221.112.89\"\r\n}",
					"options": {
						"raw": {
							"language": "json"
						}
					}
				},
				"url": "https://api.brightspeed.com/v1/customer-address-by-ip"
			},
			"response": []
		},
		{
			"name": "prod_OAuth",
			"request": {
				"auth": {
					"type": "basic",
					"basic": {
						"username": "uFAMPXyphbNXmQcAbYC1PYgPbpw0Y4JU",
						"password": "AFOzgY4SvgtDjIo0"
					}
				},
				"method": "POST",
				"header": [],
				"url": {
					"raw": "https://api.brightspeed.com/oauth?grant_type=client_credentials",
					"protocol": "https",
					"host": [
						"api",
						"brightspeed",
						"com"
					],
					"path": [
						"oauth"
					],
					"query": [
						{
							"key": "grant_type",
							"value": "client_credentials"
						}
					]
				}
			},
			"response": []
		}
	]
}