{
	"info": {
		"_postman_id": "c6f94ec6-244a-4698-a064-349c9391dc3c",
		"name": "IMPROV - Control",
		"schema": "https://schema.getpostman.com/json/collection/v2.0.0/collection.json",
		"_exporter_id": "26588845"
	},
	"item": [
		{
			"name": "Create IMPROV Account",
			"request": {
				"auth": {
					"type": "basic",
					"basic": {
						"password": "A@dvika2020$$",
						"username": "ab79208"
					}
				},
				"method": "POST",
				"header": [],
				"body": {
					"mode": "raw",
					"raw": "{\r\n\"ImprovAccountRequest\": {\r\n  \"callingSystemName\": \"Tom\",\r\n  \"correlationId\": \"ImprovSanity\",\r\n  \"services\": [\r\n    {\r\n      \"name\": \"DSL\",\r\n      \"parameters\": [\r\n        \r\n           {\r\n          \"name\": \"Line\",\r\n          \"value\": \"Routing_gpon\"\r\n           }, \r\n                 {\r\n            \"name\": \"Walled-Garden\",\r\n            \"value\": \"\"\r\n      },\r\n            {\r\n    \"name\": \"Speed\",\r\n    \"value\": \"1000M/1000M\"\r\n   },\r\n   {\r\n    \"name\": \"Line-Encap\",\r\n    \"value\": \"IPoE\"\r\n   },\r\n   {\r\n    \"name\": \"isBonded\",\r\n    \"value\": \"0\"\r\n   },\r\n   {\r\n    \"name\": \"Policy\",\r\n    \"value\": \"Port25Deny\"\r\n   },   \r\n   {\r\n    \"name\": \"DNS-Redir\",\r\n    \"value\": \"Yes\"\r\n   }, \r\n   {\r\n    \"name\": \"IP-Proto\",\r\n    \"value\": \"IPv4\"\r\n   }\r\n\r\n\r\n      ],\r\n                  \"tn\": \"1990000236\"\r\n    }\r\n  ],\r\n   \"userAccount\": {\r\n    \"orgId\": \"Biwfiber\",\r\n    \"classOfService\": \"BIWFR\",\r\n    \"customerName\": \"Improv Sanity\",\r\n    \"ensembleBAN\": \"408659224\",\r\n    \"platformId\": \"CCO_DNVR\",\r\n    \"companyOwner\": \"4\"\r\n  }\r\n}\r\n}",
					"options": {
						"raw": {
							"language": "json"
						}
					}
				},
				"url": {
					"raw": "https://{{url}}/improv/createAccount?key={{api_key}}",
					"protocol": "https",
					"host": [
						"{{url}}"
					],
					"path": [
						"improv",
						"createAccount"
					],
					"query": [
						{
							"key": "key",
							"value": "{{api_key}}"
						}
					]
				}
			},
			"response": []
		},
		{
			"name": "Create IMPROV Account Copy",
			"request": {
				"auth": {
					"type": "basic",
					"basic": {
						"password": "A@dvika2020$$",
						"username": "ab79208"
					}
				},
				"method": "POST",
				"header": [],
				"body": {
					"mode": "raw",
					"raw": "{\r\n\"ImprovAccountRequest\":{\r\n    \"callingSystemName\": \"SF\",\r\n    \"correlationId\": \"SIASN13\",\r\n    \"userAccount\":{\r\n        \"orgId\": \"Biwfiber\",\r\n        \"classOfService\": \"BIWFR\",\r\n        \"customerName\": \"Gogikar, Divya\",\r\n        \"ensembleBAN\": \"200012653\",\r\n        \"platformId\": \"CTX_HMBL\",\r\n        \"companyOwner\": \"4\"\r\n         },\r\n    \"services\": [\r\n        {\r\n    \"name\": \"DSL\",\r\n    \"parameters\": [\r\n        {\r\n            \"name\": \"Line\",\r\n            \"value\": \"Routing_gpon\"\r\n        },\r\n        {\r\n            \"name\": \"Line-Encap\",\r\n            \"value\": \"IPoE\"\r\n        },\r\n        {\r\n            \"name\": \"isBonded\",\r\n            \"value\": \"0\"\r\n        },\r\n        {\r\n            \"name\": \"Speed\",\r\n            \"value\": \"200M/200M\"\r\n        }\r\n        ],\r\n        \"tn\": \"1999200013\"\r\n        }\r\n     ]\r\n}   \r\n}",
					"options": {
						"raw": {
							"language": "json"
						}
					}
				},
				"url": {
					"raw": "https://{{url}}/improv/createAccount?key={{api_key}}",
					"protocol": "https",
					"host": [
						"{{url}}"
					],
					"path": [
						"improv",
						"createAccount"
					],
					"query": [
						{
							"key": "key",
							"value": "{{api_key}}"
						}
					]
				}
			},
			"response": []
		},
		{
			"name": "Update IMPROV  Account with different speed",
			"request": {
				"auth": {
					"type": "basic",
					"basic": {
						"password": "A@dvika2020$$",
						"username": "ab79208"
					}
				},
				"method": "PUT",
				"header": [],
				"body": {
					"mode": "raw",
					"raw": "{\"ImprovAccountRequest\": {\r\n  \"callingSystemName\": \"Improv\",\r\n  \"services\": [\r\n    {\r\n      \"action\": \"UPDATE\",\r\n      \"name\": \"DSL\",\r\n      \"parameters\": [\r\n          {\r\n          \"name\": \"Speed\",\r\n          \"value\": \"500M/500M\"\r\n        }\r\n      ],\r\n      \"tn\": \"1900000111\"\r\n    }\r\n  ]\r\n}\r\n}",
					"options": {
						"raw": {
							"language": "json"
						}
					}
				},
				"url": {
					"raw": "https://{{url}}/improv/updateUserAccount?key={{api_key}}",
					"protocol": "https",
					"host": [
						"{{url}}"
					],
					"path": [
						"improv",
						"updateUserAccount"
					],
					"query": [
						{
							"key": "key",
							"value": "{{api_key}}"
						}
					]
				}
			},
			"response": []
		},
		{
			"name": "Update IMPROV  Account put in Walled Garden",
			"request": {
				"auth": {
					"type": "basic",
					"basic": {
						"password": "A@dvika2020$$",
						"username": "ab79208"
					}
				},
				"method": "PUT",
				"header": [],
				"body": {
					"mode": "raw",
					"raw": "{\"ImprovAccountRequest\": {\r\n  \"callingSystemName\": \"TOM\",\r\n  \"correlationId\": \"TomSanity01\",\r\n  \"services\": [\r\n    {\r\n      \"action\": \"UPDATE\",\r\n      \"name\": \"DSL\",\r\n      \"parameters\": [\r\n        {\r\n           \"name\": \"Walled-Garden\",\r\n           \"value\": \"BIWF/Setup\"\r\n        }\r\n      ],\r\n      \"tn\": \"1900000111\"\r\n    }\r\n  ]\r\n}\r\n}",
					"options": {
						"raw": {
							"language": "json"
						}
					}
				},
				"url": {
					"raw": "https://{{url}}/improv/updateUserAccount?key={{api_key}}",
					"protocol": "https",
					"host": [
						"{{url}}"
					],
					"path": [
						"improv",
						"updateUserAccount"
					],
					"query": [
						{
							"key": "key",
							"value": "{{api_key}}"
						}
					]
				}
			},
			"response": []
		},
		{
			"name": "Update IMPROV  Account Remove from Walled Garden",
			"request": {
				"auth": {
					"type": "basic",
					"basic": {
						"password": "A@dvika2020$$",
						"username": "ab79208"
					}
				},
				"method": "PUT",
				"header": [],
				"body": {
					"mode": "raw",
					"raw": "{\"ImprovAccountRequest\": {\r\n  \"callingSystemName\": \"TOM\",\r\n  \"correlationId\": \"TomSanity01\",\r\n  \"services\": [\r\n    {\r\n      \"action\": \"REMOVE\",\r\n      \"name\": \"DSL\",\r\n      \"parameters\": [\r\n        {\r\n          \"name\": \"Walled-Garden\", \r\n               \"value\": \"BIWF/NonPayment\" \r\n        }\r\n      ],\r\n      \"tn\": \"1889999999\"\r\n    }\r\n  ]\r\n}\r\n}",
					"options": {
						"raw": {
							"language": "json"
						}
					}
				},
				"url": {
					"raw": "https://{{url}}/improv/updateUserAccount?key={{api_key}}",
					"protocol": "https",
					"host": [
						"{{url}}"
					],
					"path": [
						"improv",
						"updateUserAccount"
					],
					"query": [
						{
							"key": "key",
							"value": "{{api_key}}"
						}
					]
				}
			},
			"response": []
		},
		{
			"name": "GET getUserInfoByWtn",
			"protocolProfileBehavior": {
				"disableBodyPruning": true
			},
			"request": {
				"auth": {
					"type": "basic",
					"basic": {
						"password": "A@dvika2020$$",
						"username": "ab79208"
					}
				},
				"method": "GET",
				"header": [],
				"body": {
					"mode": "raw",
					"raw": "",
					"options": {
						"raw": {
							"language": "json"
						}
					}
				},
				"url": {
					"raw": "https://{{url}}/improv/userInfoByWtn?WTN=6363273326&key={{api_key}}",
					"protocol": "https",
					"host": [
						"{{url}}"
					],
					"path": [
						"improv",
						"userInfoByWtn"
					],
					"query": [
						{
							"key": "WTN",
							"value": "6363273326"
						},
						{
							"key": "key",
							"value": "{{api_key}}"
						}
					]
				}
			},
			"response": []
		},
		{
			"name": "GET findUser by WTN_1889999999",
			"protocolProfileBehavior": {
				"disableBodyPruning": true
			},
			"request": {
				"auth": {
					"type": "basic",
					"basic": {
						"password": "A@dvika2020$$",
						"username": "ab79208"
					}
				},
				"method": "GET",
				"header": [],
				"body": {
					"mode": "raw",
					"raw": "",
					"options": {
						"raw": {
							"language": "json"
						}
					}
				},
				"url": {
					"raw": "https://{{url}}/improv/findUser?WTN=1100002118&key={{api_key}}",
					"protocol": "https",
					"host": [
						"{{url}}"
					],
					"path": [
						"improv",
						"findUser"
					],
					"query": [
						{
							"key": "WTN",
							"value": "1100002118"
						},
						{
							"key": "key",
							"value": "{{api_key}}"
						}
					]
				}
			},
			"response": []
		},
		{
			"name": "GET findUser by user name_improvsanity9746",
			"protocolProfileBehavior": {
				"disableBodyPruning": true
			},
			"request": {
				"auth": {
					"type": "basic",
					"basic": {
						"password": "A@dvika2020$$",
						"username": "ab79208"
					}
				},
				"method": "GET",
				"header": [],
				"body": {
					"mode": "raw",
					"raw": "",
					"options": {
						"raw": {
							"language": "json"
						}
					}
				},
				"url": {
					"raw": "https://{{url}}/improv/findUser?username=improvsanity9746&key={{api_key}}",
					"protocol": "https",
					"host": [
						"{{url}}"
					],
					"path": [
						"improv",
						"findUser"
					],
					"query": [
						{
							"key": "username",
							"value": "improvsanity9746"
						},
						{
							"key": "key",
							"value": "{{api_key}}"
						}
					]
				}
			},
			"response": []
		},
		{
			"name": "GET getWtnByUsername_improvsanity9746",
			"protocolProfileBehavior": {
				"disableBodyPruning": true
			},
			"request": {
				"auth": {
					"type": "basic",
					"basic": {
						"password": "A@dvika2020$$",
						"username": "ab79208"
					}
				},
				"method": "GET",
				"header": [],
				"body": {
					"mode": "raw",
					"raw": "",
					"options": {
						"raw": {
							"language": "json"
						}
					}
				},
				"url": {
					"raw": "https://{{url}}/Improv/wtnByUsername?username=improvsanity9746&key={{api_key}}",
					"protocol": "https",
					"host": [
						"{{url}}"
					],
					"path": [
						"Improv",
						"wtnByUsername"
					],
					"query": [
						{
							"key": "username",
							"value": "improvsanity9746"
						},
						{
							"key": "key",
							"value": "{{api_key}}"
						}
					]
				}
			},
			"response": []
		},
		{
			"name": "getOrg",
			"protocolProfileBehavior": {
				"disableBodyPruning": true
			},
			"request": {
				"auth": {
					"type": "basic",
					"basic": {
						"password": "A@dvika2020$$",
						"username": "ab79208"
					}
				},
				"method": "GET",
				"header": [],
				"body": {
					"mode": "raw",
					"raw": "",
					"options": {
						"raw": {
							"language": "json"
						}
					}
				},
				"url": {
					"raw": "https://{{url}}/improv/getOrg?key={{api_key}}",
					"protocol": "https",
					"host": [
						"{{url}}"
					],
					"path": [
						"improv",
						"getOrg"
					],
					"query": [
						{
							"key": "key",
							"value": "{{api_key}}"
						}
					]
				}
			},
			"response": []
		},
		{
			"name": "Delete Account",
			"request": {
				"auth": {
					"type": "basic",
					"basic": {
						"password": "A@dvika2020$$",
						"username": "ab79208"
					}
				},
				"method": "DELETE",
				"header": [],
				"body": {
					"mode": "raw",
					"raw": "{\r\n    \"ImprovAccountRequest\" : {\r\n        \"callingSystemName\" : \"SF\",\r\n        \"correlationId\" : \"200012471\",\r\n        \"services\" : [\r\n            {\r\n               \"name\": \"DSL\",\r\n               \"tn\": \"2000002776\"\r\n            }\r\n        ]\r\n    }\r\n} ",
					"options": {
						"raw": {
							"language": "json"
						}
					}
				},
				"url": {
					"raw": "https://{{url}}/improv/deleteUserAccount?key={{api_key}}",
					"protocol": "https",
					"host": [
						"{{url}}"
					],
					"path": [
						"improv",
						"deleteUserAccount"
					],
					"query": [
						{
							"key": "key",
							"value": "{{api_key}}"
						}
					]
				}
			},
			"response": []
		},
		{
			"name": "Enable User Account",
			"request": {
				"auth": {
					"type": "basic",
					"basic": {
						"password": "A@dvika2020$$",
						"username": "ab79208"
					}
				},
				"method": "PUT",
				"header": [],
				"body": {
					"mode": "raw",
					"raw": "",
					"options": {
						"raw": {
							"language": "json"
						}
					}
				},
				"url": {
					"raw": "https://{{url}}/improv/enableUserAccount?username=improvsanity2462&key={{api_key}}",
					"protocol": "https",
					"host": [
						"{{url}}"
					],
					"path": [
						"improv",
						"enableUserAccount"
					],
					"query": [
						{
							"key": "username",
							"value": "improvsanity2462"
						},
						{
							"key": "key",
							"value": "{{api_key}}"
						}
					]
				}
			},
			"response": []
		},
		{
			"name": "GET getPlatform",
			"protocolProfileBehavior": {
				"disableBodyPruning": true
			},
			"request": {
				"auth": {
					"type": "basic",
					"basic": {
						"password": "A@dvika2020$$",
						"username": "ab79208"
					}
				},
				"method": "GET",
				"header": [],
				"body": {
					"mode": "raw",
					"raw": "",
					"options": {
						"raw": {
							"language": "json"
						}
					}
				},
				"url": {
					"raw": "https://{{url}}/improv/getPlatformClassConfig?key={{api_key}}",
					"protocol": "https",
					"host": [
						"{{url}}"
					],
					"path": [
						"improv",
						"getPlatformClassConfig"
					],
					"query": [
						{
							"key": "key",
							"value": "{{api_key}}"
						}
					]
				}
			},
			"response": []
		},
		{
			"name": "GET getClassService",
			"protocolProfileBehavior": {
				"disableBodyPruning": true
			},
			"request": {
				"auth": {
					"type": "basic",
					"basic": {
						"password": "A@dvika2020$$",
						"username": "ab79208"
					}
				},
				"method": "GET",
				"header": [],
				"body": {
					"mode": "raw",
					"raw": "",
					"options": {
						"raw": {
							"language": "json"
						}
					}
				},
				"url": {
					"raw": "https://{{url}}/improv/getClassServiceAttrConfig?key={{api_key}}",
					"protocol": "https",
					"host": [
						"{{url}}"
					],
					"path": [
						"improv",
						"getClassServiceAttrConfig"
					],
					"query": [
						{
							"key": "key",
							"value": "{{api_key}}"
						}
					]
				}
			},
			"response": []
		}
	],
	"auth": {
		"type": "basic",
		"basic": {
			"password": "A@rav2021",
			"username": "ab79208"
		}
	}
}