{
	"info": {
		"_postman_id": "ae55c16e-f49b-4427-b66c-73eb9c8bb8c3",
		"name": "O2 MicroService",
		"schema": "https://schema.getpostman.com/json/collection/v2.0.0/collection.json",
		"_exporter_id": "26588845"
	},
	"item": [
		{
			"name": "https://api-uat.brightspeed.com/v2/o2Orders/address-qualify",
			"request": {
				"auth": {
					"type": "oauth2",
					"oauth2": {
						"headerPrefix": "Bearer",
						"addTokenTo": "header"
					}
				},
				"method": "POST",
				"header": [],
				"body": {
					"mode": "raw",
					"raw": "//6207 ARTILLERY AVE SPARTA WI 54656\r\n{\r\n    \"addressAliasId\": \"1234\",\r\n    \"houseNumber\": \"6207\",\r\n    \"houseSuffix\": \"\",\r\n    \"streetName\": \"ARTILLERY\",\r\n    \"streetSuffix\": \"AVE\",\r\n    \"preDirectional\": \"\",\r\n    \"postDirectional\": \"\",\r\n    \"location\": null,\r\n    \"postalZip\": \"54656\",\r\n    \"community\": \"SPARTA\",\r\n    \"provinceState\": \"WI\",\r\n    \"speed\": \"500M/500M\"\r\n}",
					"options": {
						"raw": {
							"language": "json"
						}
					}
				},
				"url": "https://api-uat.brightspeed.com/v2/o2Orders/address-qualify"
			},
			"response": []
		},
		{
			"name": "OAuthUAT",
			"request": {
				"method": "GET",
				"header": []
			},
			"response": []
		},
		{
			"name": "https://api.brightspeed.com/v2/o2Orders/address-qualify",
			"request": {
				"auth": {
					"type": "oauth2",
					"oauth2": {
						"headerPrefix": "Bearer",
						"addTokenTo": "header"
					}
				},
				"method": "POST",
				"header": [
					{
						"key": "Content-Type",
						"value": "application/json"
					},
					{
						"key": "Authorization",
						"value": "Bearer iQaiidPzdHCQYQYNNu5AuMk0tVYc"
					}
				],
				"body": {
					"mode": "raw",
					"raw": "{\n    \"addressAliasId\": \"1234\",\n    \"houseNumber\": \"625\",\n    \"houseSuffix\": \"\",\n    \"streetName\": \"Cherry\",\n    \"streetSuffix\": \"ST\",\n    \"preDirectional\": \"\",\n    \"postDirectional\": \"\",\n    \"location\": null,\n    \"postalZip\": \"65201\",\n    \"community\": \"COLUMBIA\",\n    \"provinceState\": \"MO\",\n    \"speed\": \"500M/500M\"\n}"
				},
				"url": "https://api.brightspeed.com/v2/o2Orders/address-qualify"
			},
			"response": []
		},
		{
			"name": "OAuthProd",
			"request": {
				"auth": {
					"type": "basic",
					"basic": {
						"password": "su524fIl6vf8nbLG",
						"username": "jt8ZO32H3NAbugLBv3RGPd4voXRxfxyN"
					}
				},
				"method": "GET",
				"header": [],
				"url": {
					"raw": "https://api.brightspeed.com/oauth?grant_type=client_credentials",
					"protocol": "https",
					"host": [
						"api",
						"brightspeed",
						"com"
					],
					"path": [
						"oauth"
					],
					"query": [
						{
							"key": "grant_type",
							"value": "client_credentials"
						}
					]
				}
			},
			"response": []
		}
	]
}