{
	"info": {
		"_postman_id": "592c503d-9906-4faa-9595-b8194ec5c1a5",
		"name": "O2-LineRecord API",
		"schema": "https://schema.getpostman.com/json/collection/v2.0.0/collection.json",
		"_exporter_id": "26588845"
	},
	"item": [
		{
			"name": "https://api.brightspeed.com/v2/o2/CSF/api/v1/facilities/1100012475/networkelements?identifierType=1100012475",
			"protocolProfileBehavior": {
				"disableBodyPruning": true
			},
			"request": {
				"auth": {
					"type": "oauth2",
					"oauth2": {
						"headerPrefix": "Bearer",
						"addTokenTo": "header"
					}
				},
				"method": "GET",
				"header": [],
				"body": {
					"mode": "raw",
					"raw": ""
				},
				"url": {
					"raw": "https://api.brightspeed.com/v2/o2/CSF/api/v1/facilities/1100012475/networkelements?identifierType=CIRCUITID",
					"protocol": "https",
					"host": [
						"api",
						"brightspeed",
						"com"
					],
					"path": [
						"v2",
						"o2",
						"CSF",
						"api",
						"v1",
						"facilities",
						"1100012475",
						"networkelements"
					],
					"query": [
						{
							"key": "identifierType",
							"value": "CIRCUITID"
						}
					]
				}
			},
			"response": []
		},
		{
			"name": "OAuth-prod",
			"request": {
				"auth": {
					"type": "basic",
					"basic": {
						"password": "su524fIl6vf8nbLG",
						"username": "jt8ZO32H3NAbugLBv3RGPd4voXRxfxyN"
					}
				},
				"method": "GET",
				"header": [],
				"url": {
					"raw": "https://api.brightspeed.com/oauth?grant_type=client_credentials",
					"protocol": "https",
					"host": [
						"api",
						"brightspeed",
						"com"
					],
					"path": [
						"oauth"
					],
					"query": [
						{
							"key": "grant_type",
							"value": "client_credentials"
						}
					]
				}
			},
			"response": []
		},
		{
			"name": "https://api-uat.brightspeed.com/v2/o2/CSF/api/v1/facilities/1100012475/networkelements?identifierType=CIRCUITID",
			"request": {
				"auth": {
					"type": "oauth2",
					"oauth2": {
						"addTokenTo": "header",
						"headerPrefix": "Bearer"
					}
				},
				"method": "GET",
				"header": [],
				"url": {
					"raw": "https://api-uat.brightspeed.com/v2/o2/CSF/api/v1/facilities/1400004570/networkelements?identifierType=CIRCUITID",
					"protocol": "https",
					"host": [
						"api-uat",
						"brightspeed",
						"com"
					],
					"path": [
						"v2",
						"o2",
						"CSF",
						"api",
						"v1",
						"facilities",
						"1400004570",
						"networkelements"
					],
					"query": [
						{
							"key": "identifierType",
							"value": "CIRCUITID"
						}
					]
				}
			},
			"response": []
		},
		{
			"name": "OAuth-UAT",
			"request": {
				"auth": {
					"type": "basic",
					"basic": {
						"password": "NTZj32YQwWETSFnK",
						"username": "le6ceAJQFGLEb8fvUAnbWeKrtGFMy9zP"
					}
				},
				"method": "GET",
				"header": [],
				"url": {
					"raw": "https://api-uat.brightspeed.com/oauth?grant_type=client_credentials",
					"protocol": "https",
					"host": [
						"api-uat",
						"brightspeed",
						"com"
					],
					"path": [
						"oauth"
					],
					"query": [
						{
							"key": "grant_type",
							"value": "client_credentials"
						}
					]
				}
			},
			"response": []
		},
		{
			"name": "oAuth for O2-Lr PROD",
			"request": {
				"auth": {
					"type": "basic",
					"basic": {
						"password": "su524fIl6vf8nbLG",
						"username": "jt8ZO32H3NAbugLBv3RGPd4voXRxfxyN"
					}
				},
				"method": "POST",
				"header": [],
				"url": {
					"raw": "https://api.brightspeed.com/qfm/oauth?grant_type=client_credentials",
					"protocol": "https",
					"host": [
						"api",
						"brightspeed",
						"com"
					],
					"path": [
						"qfm",
						"oauth"
					],
					"query": [
						{
							"key": "grant_type",
							"value": "client_credentials"
						}
					]
				}
			},
			"response": []
		},
		{
			"name": "O2-Lr PROD",
			"request": {
				"auth": {
					"type": "oauth2",
					"oauth2": {
						"addTokenTo": "header",
						"headerPrefix": "Bearer"
					}
				},
				"method": "GET",
				"header": [],
				"url": {
					"raw": "https://api.brightspeed.com/v3/o2-lr/CSF/api/v1/facilities/1400100004/networkelements?identifierType=CIRCUITID",
					"protocol": "https",
					"host": [
						"api",
						"brightspeed",
						"com"
					],
					"path": [
						"v3",
						"o2-lr",
						"CSF",
						"api",
						"v1",
						"facilities",
						"1400100004",
						"networkelements"
					],
					"query": [
						{
							"key": "identifierType",
							"value": "CIRCUITID"
						}
					]
				}
			},
			"response": []
		},
		{
			"name": "oAuth for O2-Lr DEV",
			"request": {
				"auth": {
					"type": "basic",
					"basic": {
						"password": "NTZj32YQwWETSFnK",
						"username": "le6ceAJQFGLEb8fvUAnbWeKrtGFMy9zP"
					}
				},
				"method": "POST",
				"header": [],
				"url": {
					"raw": "https://api-dev.brightspeed.com/qfm/oauth?grant_type=client_credentials",
					"protocol": "https",
					"host": [
						"api-dev",
						"brightspeed",
						"com"
					],
					"path": [
						"qfm",
						"oauth"
					],
					"query": [
						{
							"key": "grant_type",
							"value": "client_credentials"
						}
					]
				}
			},
			"response": []
		},
		{
			"name": "O2-Lr DEV",
			"request": {
				"auth": {
					"type": "oauth2",
					"oauth2": {
						"addTokenTo": "header",
						"headerPrefix": "Bearer"
					}
				},
				"method": "GET",
				"header": [],
				"url": {
					"raw": "https://api-dev.brightspeed.com/v3/o2-lr/CSF/api/v1/facilities/1400004574/networkelements?identifierType=CIRCUITID",
					"protocol": "https",
					"host": [
						"api-dev",
						"brightspeed",
						"com"
					],
					"path": [
						"v3",
						"o2-lr",
						"CSF",
						"api",
						"v1",
						"facilities",
						"1400004574",
						"networkelements"
					],
					"query": [
						{
							"key": "identifierType",
							"value": "CIRCUITID"
						}
					]
				}
			},
			"response": []
		},
		{
			"name": "O2-Lr UAT",
			"request": {
				"auth": {
					"type": "oauth2",
					"oauth2": {
						"addTokenTo": "header",
						"headerPrefix": "Bearer"
					}
				},
				"method": "GET",
				"header": [],
				"url": {
					"raw": "https://api-dev.brightspeed.com/v3/o2-lr/CSF/api/v1/facilities/1400004574/networkelements?identifierType=CIRCUITID",
					"protocol": "https",
					"host": [
						"api-dev",
						"brightspeed",
						"com"
					],
					"path": [
						"v3",
						"o2-lr",
						"CSF",
						"api",
						"v1",
						"facilities",
						"1400004574",
						"networkelements"
					],
					"query": [
						{
							"key": "identifierType",
							"value": "CIRCUITID"
						}
					]
				}
			},
			"response": []
		}
	]
}