{
	"info": {
		"_postman_id": "330d163b-a3d4-453b-a935-e8cb3ee96843",
		"name": "ROS Collection",
		"schema": "https://schema.getpostman.com/json/collection/v2.0.0/collection.json",
		"_exporter_id": "26588845"
	},
	"item": [
		{
			"name": "TSA'd Oauth - generate token",
			"event": [
				{
					"listen": "test",
					"script": {
						"exec": [
							"var response = JSON.parse(responseBody);\r",
							"pm.collectionVariables.set(\"tsad_access_token\", response.access_token);"
						],
						"type": "text/javascript"
					}
				}
			],
			"request": {
				"auth": {
					"type": "basic",
					"basic": {
						"password": "4QuSh3AmVNLQwW7L",
						"username": "FJEWeBj5XrjIjwvVW10Z2VzDUWCa96Cd"
					}
				},
				"method": "POST",
				"header": [],
				"body": {
					"mode": "urlencoded",
					"urlencoded": [
						{
							"key": "grant_type",
							"value": "client_credentials",
							"type": "text"
						}
					]
				},
				"url": "https://api.lumen.com/oauth/token"
			},
			"response": []
		},
		{
			"name": "ROS - externalToRos",
			"request": {
				"method": "POST",
				"header": [
					{
						"key": "Authorization",
						"value": "Bearer {{tsad_access_token}}",
						"type": "text"
					}
				],
				"body": {
					"mode": "urlencoded",
					"urlencoded": [
						{
							"key": "action",
							"value": "ByUser",
							"type": "text"
						},
						{
							"key": "format",
							"value": "",
							"type": "text"
						},
						{
							"key": "applid",
							"value": "biwf_integration",
							"type": "text"
						},
						{
							"key": "stats",
							"value": "1",
							"type": "text"
						},
						{
							"key": "p1",
							"value": "1400000700",
							"type": "text"
						}
					]
				},
				"url": "https://api.lumen.com/Application/v1/ROS/subscriberManagement/BSPD"
			},
			"response": []
		}
	],
	"variable": [
		{
			"key": "Orders-Host-DEV",
			"value": "biwf-orders-service1.endpoints.biwf-dev.cloud.goog"
		},
		{
			"key": "Orders-Key-DEV",
			"value": "AIzaSyAqkI-Tnvx6_4N5CAbhy2HAldwNuFg6lpY"
		},
		{
			"key": "tsad_access_token",
			"value": ""
		}
	]
}