{
	"info": {
		"_postman_id": "106eda75-1058-45e9-9f09-08b760812185",
		"name": "SQE",
		"schema": "https://schema.getpostman.com/json/collection/v2.0.0/collection.json",
		"_exporter_id": "26588845"
	},
	"item": [
		{
			"name": "https://api-dev.brightspeed.com/v1/sqe-gw/customer",
			"request": {
				"auth": {
					"type": "oauth2",
					"oauth2": {
						"addTokenTo": "header",
						"headerPrefix": "Bearer"
					}
				},
				"method": "POST",
				"header": [
					{
						"key": "Authorization",
						"value": "Bearer rkWbmOboDFUe9XjVAIOKimN1IGHE"
					},
					{
						"key": "Content-Type",
						"value": "application/json"
					}
				],
				"body": {
					"mode": "raw",
					"raw": "{\n    \"addressId\": \"20221012100032678599\",\n    \"requestedBandwidth\": \"\",\n    \"addressString\": \"\"\n}\n\n//Drop status is placed or ONT already installed - send the drop interval as 0 \n"
				},
				"url": "https://api-dev.brightspeed.com/v1/sqe-gw/customer"
			},
			"response": []
		},
		{
			"name": "https://api-uat.brightspeed.com/v1/sqe-gw/customer Copy",
			"request": {
				"auth": {
					"type": "oauth2",
					"oauth2": {
						"addTokenTo": "header",
						"headerPrefix": "Bearer"
					}
				},
				"method": "POST",
				"header": [
					{
						"key": "Authorization",
						"value": "Bearer rkWbmOboDFUe9XjVAIOKimN1IGHE"
					},
					{
						"key": "Content-Type",
						"value": "application/json"
					}
				],
				"body": {
					"mode": "raw",
					"raw": "{\n    \"addressId\": \"20221012100032678599\",\n    \"requestedBandwidth\": \"\",\n    \"addressString\": \"\"\n}\n\n//Drop status is placed or ONT already installed - send the drop interval as 0 \n"
				},
				"url": "https://api-qa.brightspeed.com/v1/sqe-gw/customer"
			},
			"response": []
		},
		{
			"name": "BuyFlow QF OAuth",
			"request": {
				"auth": {
					"type": "basic",
					"basic": {
						"password": "8N4x1ussAmDALHoC",
						"username": "6Yw2WP18QL9Yeu6rxGd3vdJcUAid6IpV"
					}
				},
				"method": "GET",
				"header": [],
				"url": {
					"raw": "https://api-dev.brightspeed.com/oauth?grant_type=client_credentials",
					"protocol": "https",
					"host": [
						"api-dev",
						"brightspeed",
						"com"
					],
					"path": [
						"oauth"
					],
					"query": [
						{
							"key": "grant_type",
							"value": "client_credentials"
						}
					]
				}
			},
			"response": []
		},
		{
			"name": "sqe_dev",
			"request": {
				"auth": {
					"type": "oauth2",
					"oauth2": {
						"addTokenTo": "header",
						"headerPrefix": "Bearer"
					}
				},
				"method": "POST",
				"header": [
					{
						"key": "Authorization",
						"value": "Bearer dRGsrQZMEGl9JxlcyRvJOrMAIeXO"
					},
					{
						"key": "Content-Type",
						"value": "application/json"
					},
					{
						"key": "Cookie",
						"value": "CookieConsentPolicy=0:1; LSKey-c$CookieConsentPolicy=0:1; glide_user_route=glide.a3e880935a640f8b957b4101b45aeaab"
					}
				],
				"body": {
					"mode": "raw",
					"raw": "{\n    \"fullAddress\": \"1112 FRANKLIN AVE LEXINGTON, MO, 64067\"\n}"
				},
				"url": "https://api-dev.brightspeed.com/v2/sqe-gw/customer"
			},
			"response": []
		},
		{
			"name": "sqe_uat",
			"request": {
				"auth": {
					"type": "oauth2",
					"oauth2": {
						"addTokenTo": "header",
						"headerPrefix": "Bearer"
					}
				},
				"method": "POST",
				"header": [
					{
						"key": "Authorization",
						"value": "Bearer dRGsrQZMEGl9JxlcyRvJOrMAIeXO"
					},
					{
						"key": "Content-Type",
						"value": "application/json"
					},
					{
						"key": "Cookie",
						"value": "CookieConsentPolicy=0:1; LSKey-c$CookieConsentPolicy=0:1; glide_user_route=glide.a3e880935a640f8b957b4101b45aeaab"
					}
				],
				"body": {
					"mode": "raw",
					"raw": "{\n    \"fullAddress\": \"727 Mound St  Baraboo WI 53913\"\n\n    //727 Mound St  Baraboo WI 53913 -- pending\n    //939 HAMMOCKS GAP RD  CHARLOTTESVILLE VA 22911 -- disconnect inProgress\n    //3900 STONY POINT RD KESWICK VA 22947 -- disconnect complete\n    //804 W MAIN ST UNIT 201 BULLARD, TX, 75757 -- pending\n    //349 Water Plant Rd # E Manteo, NC, 27954 \n    //3160 STONY POINT RD CHARLOTTESVILLE VA -- O2 error\n    //625 CHERRY ST COLUMBIA MO 65201\n    //9200 NW 119TH TER UNIT G KANSAS CITY, MO, 64153 -- O2 Error\n    // 503 LOST TRL UNIT A COPPERAS COVE, TX, 76522 -- AMS conditional\n    // 6207 ARTILLERY AVE SPARTA WI 54656 - Activated ONT\n    //1765 TRINDLE RD W CARLISLE PA 17015\n    //9786 EN DAH WIN LN Boulder Junction WI 54512\n}"
				},
				"url": "https://api-uat.brightspeed.com/v2/sqe-gw/customer"
			},
			"response": []
		},
		{
			"name": "sqe_uat V3",
			"request": {
				"auth": {
					"type": "oauth2",
					"oauth2": {
						"addTokenTo": "header",
						"headerPrefix": "Bearer"
					}
				},
				"method": "POST",
				"header": [
					{
						"key": "Authorization",
						"value": "Bearer dRGsrQZMEGl9JxlcyRvJOrMAIeXO"
					},
					{
						"key": "Content-Type",
						"value": "application/json"
					},
					{
						"key": "Cookie",
						"value": "CookieConsentPolicy=0:1; LSKey-c$CookieConsentPolicy=0:1; glide_user_route=glide.a3e880935a640f8b957b4101b45aeaab"
					}
				],
				"body": {
					"mode": "raw",
					"raw": "{\n    \"fullAddress\": \"1112 FRANKLIN AVE LEXINGTON, MO, 64067\"\n}"
				},
				"url": "https://api-uat.brightspeed.com/v2/sqe-gw/customer"
			},
			"response": []
		},
		{
			"name": "sqe-prod",
			"request": {
				"auth": {
					"type": "oauth2",
					"oauth2": {
						"clientSecret": "AFOzgY4SvgtDjIo0",
						"clientId": "uFAMPXyphbNXmQcAbYC1PYgPbpw0Y4JU",
						"accessTokenUrl": "https://api.brightspeed.com/oauth?grant_type=client_credentials",
						"headerPrefix": "Bearer",
						"addTokenTo": "header"
					}
				},
				"method": "POST",
				"header": [],
				"body": {
					"mode": "raw",
					"raw": "{\r\n    \"fullAddress\": \"143 BAY POINT RD SAINT HELENA ISLAND, SC, 29920\"\r\n    //1777 Flora Ln, Charlottesville, VA\r\n    //5273 S AARON AVE, Springfield, MO\r\n    //100 BOGAD ST APT A SAINT ROBERT, MO, 65584\r\n    // 100 S JACKSON ST SALEM, MO, 65560 pending\r\n    //162 SHERWOOD DR MANTEO, NC, 27954 --JD\r\n    //1765 W Trindle Rd 25 Carlisle, PA, 17015 -- AMS conditional\r\n   // 1765 W TRINDLE RD UNIT 32 CARLISLE, PA, 17015 -- 02 error\r\n   //301 Ananias Dare St # A Manteo, NC, 27954\r\n   //4289 E SHERWOOD CIR SPRINGFIELD MO 65802\r\n   //2520 N US HIGHWAY 35 KNOX IN 46534\r\n   //78 CENTER ST CLINTON, NJ, 08809\r\n}",
					"options": {
						"raw": {
							"language": "json"
						}
					}
				},
				"url": "https://api.brightspeed.com/v2/sqe-gw/customer"
			},
			"response": []
		},
		{
			"name": "OAuth-Prod",
			"request": {
				"auth": {
					"type": "basic",
					"basic": {
						"username": "uFAMPXyphbNXmQcAbYC1PYgPbpw0Y4JU",
						"password": "AFOzgY4SvgtDjIo0"
					}
				},
				"method": "POST",
				"header": [],
				"url": {
					"raw": "https://api.brightspeed.com/oauth?grant_type=client_credentials",
					"protocol": "https",
					"host": [
						"api",
						"brightspeed",
						"com"
					],
					"path": [
						"oauth"
					],
					"query": [
						{
							"key": "grant_type",
							"value": "client_credentials"
						}
					]
				}
			},
			"response": []
		}
	]
}